stock_code,report_year,report_type,statement_type,item_code,item_name,value,display_order,source,match_type
000001,2021,annual,balance_sheet,F038N,资产总计,11974000000.0,49,rds,alias
000001,2021,annual,balance_sheet,F069N,非正常经营项目收益调整,3944000000.0,101,rds,cid_value
000001,2021,annual,balance_sheet,F078N,拆出资金,823934000000.0,2,rds,alias
000001,2021,annual,balance_sheet,F084N,买入返售金融资产,80816000000.0,15,rds,alias
000001,2021,annual,balance_sheet,F087N,向中央银行借款,58339000000.0,51,rds,alias
000001,2021,annual,balance_sheet,F088N,吸收存款及同业存放,154377000000.0,52,rds,alias
000001,2021,annual,balance_sheet,F098N,预计负债-流动负债,19953000000.0,67,rds,alias
000001,2021,annual,balance_sheet,F101N,永续债-非流动负债,7568000000.0,77,rds,alias
000001,2021,annual,balance_sheet,F110N,其他债权投资,738166000000.0,44,rds,alias
000001,2021,annual,balance_sheet,F111N,其他权益工具投资,152428000000.0,45,rds,alias
000001,2021,annual,balance_sheet,F116N,债权投资,6968000000.0,43,rds,exact
000001,2021,annual,cash_flow,F036N,筹资活动产生的现金流量净额,140077000000.0,49,rds,alias
000001,2021,annual,cash_flow,F041N,期末现金及现金等价物余额,145034000000.0,54,rds,alias
000001,2021,annual,income_statement,F006N,其中：营业收入,46207000000.0,1,rds,alias
000001,2021,annual,income_statement,F008N,营业税金及附加,56331000000.0,14,rds,alias
000001,2021,annual,income_statement,F010N,管理费用,8887000000.0,16,rds,alias
000001,2021,annual,income_statement,F021N,减：营业外支出,3878000000.0,34,rds,alias
000001,2021,annual,income_statement,F024N,四、利润总额,661000000.0,37,rds,alias
000001,2021,annual,income_statement,F025N,减：所得税,23000000.0,38,rds,alias
000001,2021,annual,income_statement,F042N,手续费及佣金收入,14000000.0,4,rds,alias
000001,2021,annual,income_statement,F043N,利息支出,170000000.0,7,rds,alias
000001,2021,annual,income_statement,F063N,其中：利息收入,78000000.0,52,rds,alias
000002,2020,annual,balance_sheet,F006N,货币资金,195230723369.88,0,rds,exact
000002,2020,annual,balance_sheet,F008N,其中：应收票据,9662433.79,5,rds,exact
000002,2020,annual,balance_sheet,F009N,其中：应收账款,2992423302.26,6,rds,exact
000002,2020,annual,balance_sheet,F010N,预付款项,62247503823.48,7,rds,exact
000002,2020,annual,balance_sheet,F011N,其他应收款,249498545525.5,13,rds,exact
000002,2020,annual,balance_sheet,F018N,其他流动资产,22662676635.96,24,rds,exact
000002,2020,annual,balance_sheet,F019N,流动资产合计,1547387061234.69,25,rds,exact
000002,2020,annual,balance_sheet,F023N,长期股权投资,141895190255.76,30,rds,exact
000002,2020,annual,balance_sheet,F024N,投资性房地产,79954139029.2,31,rds,exact
000002,2020,annual,balance_sheet,F025N,固定资产,12577342742.17,32,rds,exact
000002,2020,annual,balance_sheet,F026N,在建工程,3236850338.38,33,rds,exact
000002,2020,annual,balance_sheet,F031N,无形资产,6087781315.58,38,rds,exact
000002,2020,annual,balance_sheet,F034N,长期待摊费用,8947760570.31,41,rds,exact
000002,2020,annual,balance_sheet,F035N,递延所得税资产,27535430502.86,42,rds,exact
000002,2020,annual,balance_sheet,F036N,其他非流动资产,13840079267.94,47,rds,exact
000002,2020,annual,balance_sheet,F037N,非流动资产合计,321790032770.86,48,rds,exact
000002,2020,annual,balance_sheet,F038N,资产总计,1869177094005.55,49,rds,exact
000002,2020,annual,balance_sheet,F039N,短期借款,25111536842.11,50,rds,exact
000002,2020,annual,balance_sheet,F041N,其中：应付票据,607112827.28,57,rds,exact
000002,2020,annual,balance_sheet,F042N,其中：应付账款,295684502351.66,58,rds,exact
000002,2020,annual,balance_sheet,F043N,预收款项,912230827.79,59,rds,exact
000002,2020,annual,balance_sheet,F044N,应付职工薪酬,7850940564.17,-1,rds,exact
000002,2020,annual,balance_sheet,F045N,应交税费,29036523037.88,-1,rds,exact
000002,2020,annual,balance_sheet,F048N,其他应付款,212758353478.5,-1,rds,exact
000002,2020,annual,balance_sheet,F050N,一年内到期的非流动负债,60461863986.86,66,rds,exact
000002,2020,annual,balance_sheet,F051N,其他流动负债,53986260461.07,72,rds,exact
000002,2020,annual,balance_sheet,F052N,流动负债合计,1317492688869.78,73,rds,exact
000002,2020,annual,balance_sheet,F053N,长期借款,132036783089.92,74,rds,exact
000002,2020,annual,balance_sheet,F054N,应付债券,43576223200.25,75,rds,exact
000002,2020,annual,balance_sheet,F057N,预计负债,215331457.12,81,rds,exact
000002,2020,annual,balance_sheet,F058N,递延所得税负债,231470922.38,83,rds,exact
000002,2020,annual,balance_sheet,F059N,其他非流动负债,1190177426.9,84,rds,exact
000002,2020,annual,balance_sheet,F060N,非流动负债合计,201839931792.55,85,rds,exact
000002,2020,annual,balance_sheet,F061N,负债合计,1519332620662.33,86,rds,exact
000002,2020,annual,balance_sheet,F067N,少数股东权益,125333520594.13,100,rds,exact
000002,2020,annual,balance_sheet,F070N,所有者权益（或股东权益）合计,349844473343.22,102,rds,cid_value
000002,2020,annual,balance_sheet,F071N,负债和所有者（或股东权益）合计,1869177094005.55,103,rds,cid_value
000002,2020,annual,balance_sheet,F073N,归属于母公司所有者权益,224510952749.09,99,rds,cid_value
000002,2020,annual,balance_sheet,F080N,衍生金融资产,14760989.89,4,rds,exact
000002,2020,annual,balance_sheet,F085N,划分为持有待售的资产,6334727583.46,18,rds,cid_value
000002,2020,annual,balance_sheet,F090N,衍生金融负债,336153690.52,54,rds,exact
000002,2020,annual,balance_sheet,F111N,其他权益工具投资,1601237167.11,45,rds,exact
000002,2020,annual,balance_sheet,F112N,其他非流动金融资产,697759464.58,46,rds,exact
000002,2020,annual,balance_sheet,F115N,合同负债,630747210801.94,71,rds,exact
000002,2020,annual,balance_sheet,F117N,交易性金融资产,170479737.23,21,rds,exact
000002,2020,annual,balance_sheet,F119N,合同资产,6162549680.11,23,rds,exact
000002,2020,annual,balance_sheet,F121N,使用权资产,25210119233.05,105,rds,exact
000002,2020,annual,balance_sheet,F122N,租赁负债,24589945695.98,106,rds,exact
000002,2020,annual,cash_flow,F006N,销售商品、提供劳务收到的现金,472283130715.82,0,rds,exact
000002,2020,annual,cash_flow,F009N,经营活动现金流入小计,508361911571.79,13,rds,exact
000002,2020,annual,cash_flow,F010N,购买商品、接受劳务支付的现金,318470472700.42,14,rds,exact
000002,2020,annual,cash_flow,F011N,支付给职工以及为职工支付的现金,15561462921.17,20,rds,exact
000002,2020,annual,cash_flow,F012N,支付的各项税费,59397255641.48,21,rds,exact
000002,2020,annual,cash_flow,F014N,经营活动现金流出小计,455173889327.98,23,rds,exact
000002,2020,annual,cash_flow,F015N,经营活动产生的现金流量净额,53188022243.81,24,rds,alias
000002,2020,annual,cash_flow,F016N,收回投资收到的现金,4636886080.38,25,rds,exact
000002,2020,annual,cash_flow,F017N,取得投资收益收到的现金,3903163650.08,26,rds,exact
000002,2020,annual,cash_flow,F020N,收到其他与投资活动有关的现金,17257903571.86,29,rds,fuzzy
000002,2020,annual,cash_flow,F021N,投资活动现金流入小计,30564316350.12,30,rds,exact
000002,2020,annual,cash_flow,F023N,投资支付的现金,12937284477.77,32,rds,exact
000002,2020,annual,cash_flow,F026N,投资活动现金流出小计,24767249222.07,36,rds,exact
000002,2020,annual,cash_flow,F027N,投资活动产生的现金流量净额,5797067128.05,37,rds,alias
000002,2020,annual,cash_flow,F028N,吸收投资收到的现金,38858944942.25,38,rds,exact
000002,2020,annual,cash_flow,F029N,取得借款收到的现金,106113680208.76,40,rds,exact
000002,2020,annual,cash_flow,F031N,筹资活动现金流入小计,153935663151.01,43,rds,exact
000002,2020,annual,cash_flow,F032N,偿还债务支付的现金,110431890971.91,44,rds,exact
000002,2020,annual,cash_flow,F033N,分配股利、利润或偿付利息支付的现金,34716050996.39,45,rds,exact
000002,2020,annual,cash_flow,F035N,筹资活动现金流出小计,186439923089.84,48,rds,exact
000002,2020,annual,cash_flow,F036N,筹资活动产生的现金流量净额,-32504259938.83,49,rds,fuzzy
000002,2020,annual,cash_flow,F040N,期初现金及现金等价物余额,159738651471.96,53,rds,alias
000002,2020,annual,cash_flow,F041N,期末现金及现金等价物余额,185662379706.96,54,rds,alias
000002,2020,annual,cash_flow,F058N,经营性应付项目的增加,31815394142.5,70,rds,cid_value
000002,2020,annual,cash_flow,F076N,发行债券收到的现金,8963038000.0,41,rds,fuzzy
000002,2020,annual,cash_flow,F089N,其中：子公司吸收少数股东投资收到的现金,31693649391.52,39,rds,exact
000002,2020,annual,cash_flow,F090N,其中：子公司支付给少数股东的股利、利润,7474053653.85,46,rds,exact
000002,2020,annual,income_statement,F006N,其中：营业收入,419111677714.12,1,rds,alias
000002,2020,annual,income_statement,F007N,其中：营业成本,296540687975.27,6,rds,exact
000002,2020,annual,income_statement,F008N,营业税金及附加,27236909916.23,14,rds,alias
000002,2020,annual,income_statement,F009N,销售费用,10636899699.87,15,rds,exact
000002,2020,annual,income_statement,F010N,管理费用,10288052823.2,16,rds,exact
000002,2020,annual,income_statement,F012N,财务费用,5145102736.17,18,rds,exact
000002,2020,annual,income_statement,F014N,加：公允价值变动净收益,5333532.39,21,rds,cid_value
000002,2020,annual,income_statement,F015N,投资收益,13511869972.98,22,rds,exact
000002,2020,annual,income_statement,F016N,其中：对联营企业和合营企业的投资收益,9739656204.22,23,rds,exact
000002,2020,annual,income_statement,F018N,三、营业利润,79958642103.88,30,rds,exact
000002,2020,annual,income_statement,F020N,营业外收入,999497308.64,32,rds,exact
000002,2020,annual,income_statement,F021N,减：营业外支出,1282386489.13,34,rds,exact
000002,2020,annual,income_statement,F024N,四、利润总额,79675752923.39,37,rds,exact
000002,2020,annual,income_statement,F025N,减：所得税,20377636478.86,38,rds,alias
000002,2020,annual,income_statement,F027N,五、净利润,59298116444.53,40,rds,exact
000002,2020,annual,income_statement,F028N,归属于母公司所有者的净利润,41515544941.31,43,rds,alias
000002,2020,annual,income_statement,F029N,少数股东损益,17782571503.22,44,rds,exact
000002,2020,annual,income_statement,F035N,一、营业总收入,419111677714.12,0,rds,exact
000002,2020,annual,income_statement,F036N,二、营业总成本,350513340623.53,5,rds,alias
000002,2020,annual,income_statement,F039N,八、综合收益总额,59108481228.28,48,rds,exact
000002,2020,annual,income_statement,F040N,其中：归属于母公司,41777598552.07,49,rds,fuzzy
000002,2020,annual,income_statement,F041N,其中：归属于少数股东,17330882676.21,50,rds,fuzzy
000002,2020,annual,income_statement,F056N,研发费用,665687472.79,19,rds,exact
000002,2020,annual,income_statement,F059N,资产处置收益,48381265.04,28,rds,fuzzy
000002,2020,annual,income_statement,F060N,持续经营净利润,59298116444.53,41,rds,alias
000002,2020,annual,income_statement,F062N,其中：利息费用,8757579925.42,51,rds,exact
000002,2020,annual,income_statement,F063N,其中：利息收入,4680643358.1,52,rds,exact
000002,2020,annual,income_statement,F064N,信用减值损失（2019格式）,-224461716.05,53,rds,cid_value
000002,2020,annual,income_statement,F065N,资产减值损失（2019格式）,-1980818041.07,54,rds,cid_value
000858,2020,annual,balance_sheet,F115N,合同负债,8618543467.25,71,rds,alias
000858,2020,annual,cash_flow,F006N,销售商品、提供劳务收到的现金,62667576569.99,0,rds,exact
000858,2020,annual,cash_flow,F007N,收到的税费返还,56724988.21,11,rds,exact
000858,2020,annual,cash_flow,F008N,收到其他与经营活动有关的现金,2243660435.98,12,rds,exact
000858,2020,annual,cash_flow,F009N,经营活动现金流入小计,64967961994.18,13,rds,exact
000858,2020,annual,cash_flow,F010N,购买商品、接受劳务支付的现金,17340551154.28,14,rds,exact
000858,2020,annual,cash_flow,F013N,支付其他与经营活动有关的现金,3960293330.53,22,rds,exact
000858,2020,annual,cash_flow,F014N,经营活动现金流出小计,50269634400.97,23,rds,exact
000858,2020,annual,cash_flow,F015N,经营活动产生的现金流量净额,14698327593.21,24,rds,exact
000858,2020,annual,cash_flow,F018N,处置固定资产、无形资产和其他长期资产收回的现金净额,6438616.16,27,rds,cid_value
000858,2020,annual,cash_flow,F021N,投资活动现金流入小计,6438616.16,30,rds,exact
000858,2020,annual,cash_flow,F023N,投资支付的现金,734693877.55,32,rds,exact
000858,2020,annual,cash_flow,F026N,投资活动现金流出小计,1728453964.74,36,rds,exact
000858,2020,annual,cash_flow,F027N,投资活动产生的现金流量净额,-1722015348.58,37,rds,exact
000858,2020,annual,cash_flow,F028N,吸收投资收到的现金,15000000.0,38,rds,exact
000858,2020,annual,cash_flow,F031N,筹资活动现金流入小计,15000000.0,43,rds,exact
000858,2020,annual,cash_flow,F033N,分配股利、利润或偿付利息支付的现金,9228223328.76,45,rds,cid_value
000858,2020,annual,cash_flow,F035N,筹资活动现金流出小计,9228223328.76,48,rds,exact
000858,2020,annual,cash_flow,F036N,筹资活动产生的现金流量净额,-9213223328.76,49,rds,exact
000858,2020,annual,cash_flow,F039N,五、现金及现金等价物净增加额,3762958476.66,52,rds,exact
000858,2020,annual,cash_flow,F040N,期初现金及现金等价物余额,63204133323.79,53,rds,exact
000858,2020,annual,cash_flow,F041N,期末现金及现金等价物余额,66967091800.45,54,rds,exact
000858,2020,annual,income_statement,F006N,其中：营业收入,57321059453.15,1,rds,exact
000858,2020,annual,income_statement,F007N,其中：营业成本,14811961478.65,6,rds,exact
000858,2020,annual,income_statement,F008N,营业税金及附加,8092348596.1,14,rds,alias
000858,2020,annual,income_statement,F009N,销售费用,5578918523.98,15,rds,exact
000858,2020,annual,income_statement,F010N,管理费用,2609529686.09,16,rds,exact
000858,2020,annual,income_statement,F012N,财务费用,-1485519200.21,18,rds,exact
000858,2020,annual,income_statement,F018N,三、营业利润,27826423936.21,30,rds,cid_value
000858,2020,annual,income_statement,F020N,营业外收入,40661952.32,32,rds,exact
000858,2020,annual,income_statement,F021N,减：营业外支出,188638670.83,34,rds,exact
000858,2020,annual,income_statement,F025N,减：所得税,6765106808.16,38,rds,alias
000858,2020,annual,income_statement,F035N,一、营业总收入,57321059453.15,0,rds,exact
000858,2020,annual,income_statement,F036N,二、营业总成本,29738554309.94,5,rds,exact
000858,2020,annual,income_statement,F051N,基它收入,162373770.41,25,rds,alias
000858,2020,annual,income_statement,F056N,研发费用,131315225.33,19,rds,exact
000858,2020,annual,income_statement,F063N,其中：利息收入,1521933975.4,52,rds,exact
002415,2020,annual,balance_sheet,F006N,货币资金,35459729108.27,0,rds,exact
002415,2020,annual,balance_sheet,F008N,其中：应收票据,1303252705.19,5,rds,exact
002415,2020,annual,balance_sheet,F009N,其中：应收账款,21979380716.86,6,rds,exact
002415,2020,annual,balance_sheet,F010N,预付款项,296334689.86,7,rds,exact
002415,2020,annual,balance_sheet,F011N,其他应收款,519143350.82,13,rds,exact
002415,2020,annual,balance_sheet,F017N,一年内到期的非流动资产,1001208813.83,20,rds,exact
002415,2020,annual,balance_sheet,F018N,其他流动资产,497914506.64,24,rds,exact
002415,2020,annual,balance_sheet,F019N,流动资产合计,74762905485.17,25,rds,exact
002415,2020,annual,balance_sheet,F022N,长期应收款,2105570004.53,29,rds,exact
002415,2020,annual,balance_sheet,F023N,长期股权投资,864026710.23,30,rds,exact
002415,2020,annual,balance_sheet,F025N,固定资产,5876007536.6,32,rds,exact
002415,2020,annual,balance_sheet,F026N,在建工程,1425235193.72,33,rds,exact
002415,2020,annual,balance_sheet,F031N,无形资产,1251317923.69,38,rds,exact
002415,2020,annual,balance_sheet,F034N,长期待摊费用,108584686.85,41,rds,exact
002415,2020,annual,balance_sheet,F035N,递延所得税资产,820380954.86,42,rds,exact
002415,2020,annual,balance_sheet,F036N,其他非流动资产,721511156.08,47,rds,exact
002415,2020,annual,balance_sheet,F037N,非流动资产合计,13938776899.03,48,rds,exact
002415,2020,annual,balance_sheet,F038N,资产总计,88701682384.2,49,rds,exact
002415,2020,annual,balance_sheet,F039N,短期借款,3999246634.59,50,rds,exact
002415,2020,annual,balance_sheet,F040N,以公允价值计量且其变动计入当期损益的金融负债（20190322弃用）,7405771.15,55,rds,cid_value
002415,2020,annual,balance_sheet,F041N,其中：应付票据,1036920229.85,57,rds,exact
002415,2020,annual,balance_sheet,F042N,其中：应付账款,13593884790.19,58,rds,exact
002415,2020,annual,balance_sheet,F044N,应付职工薪酬,2877786430.71,-1,rds,exact
002415,2020,annual,balance_sheet,F045N,应交税费,1770057908.62,-1,rds,exact
002415,2020,annual,balance_sheet,F048N,其他应付款,1525053355.95,-1,rds,exact
002415,2020,annual,balance_sheet,F050N,一年内到期的非流动负债,3507680339.78,66,rds,exact
002415,2020,annual,balance_sheet,F051N,其他流动负债,745711579.57,72,rds,exact
002415,2020,annual,balance_sheet,F052N,流动负债合计,31224913711.67,73,rds,exact
002415,2020,annual,balance_sheet,F053N,长期借款,1961167761.3,74,rds,exact
002415,2020,annual,balance_sheet,F055N,长期应付款,39595459.35,78,rds,exact
002415,2020,annual,balance_sheet,F057N,预计负债,151443871.02,81,rds,exact
002415,2020,annual,balance_sheet,F058N,递延所得税负债,92979823.89,83,rds,exact
002415,2020,annual,balance_sheet,F059N,其他非流动负债,560959368.74,84,rds,exact
002415,2020,annual,balance_sheet,F060N,非流动负债合计,2997025271.99,85,rds,exact
002415,2020,annual,balance_sheet,F061N,负债合计,34221938983.66,86,rds,exact
002415,2020,annual,balance_sheet,F066N,减：库存股,1121918737.47,92,rds,exact
002415,2020,annual,balance_sheet,F067N,少数股东权益,685432238.49,100,rds,exact
002415,2020,annual,balance_sheet,F070N,所有者权益（或股东权益）合计,54479743400.54,102,rds,alias
002415,2020,annual,balance_sheet,F071N,负债和所有者（或股东权益）合计,88701682384.2,103,rds,alias
002415,2020,annual,balance_sheet,F073N,归属于母公司所有者权益,53794311162.05,99,rds,fuzzy
002415,2020,annual,balance_sheet,F074N,其他综合收益,-84993926.94,93,rds,exact
002415,2020,annual,balance_sheet,F075N,递延收益-非流动负债,190878987.69,82,rds,alias
002415,2020,annual,balance_sheet,F112N,其他非流动金融资产,491939067.27,46,rds,exact
002415,2020,annual,balance_sheet,F113N,交易性金融负债,7405771.15,69,rds,exact
002415,2020,annual,balance_sheet,F115N,合同负债,2161166671.26,71,rds,exact
002415,2020,annual,balance_sheet,F117N,交易性金融资产,22679846.77,21,rds,exact
002415,2020,annual,balance_sheet,F119N,合同资产,245754510.98,23,rds,exact
002415,2020,annual,balance_sheet,F120N,应收款项融资,1959601195.25,104,rds,exact
002415,2020,annual,cash_flow,F006N,销售商品、提供劳务收到的现金,68169017614.45,0,rds,exact
002415,2020,annual,cash_flow,F007N,收到的税费返还,3274552890.75,11,rds,exact
002415,2020,annual,cash_flow,F008N,收到其他与经营活动有关的现金,1427590353.65,12,rds,exact
002415,2020,annual,cash_flow,F009N,经营活动现金流入小计,72871160858.85,13,rds,exact
002415,2020,annual,cash_flow,F010N,购买商品、接受劳务支付的现金,37257220824.09,14,rds,exact
002415,2020,annual,cash_flow,F011N,支付给职工以及为职工支付的现金,10247824582.96,20,rds,exact
002415,2020,annual,cash_flow,F012N,支付的各项税费,4901863280.18,21,rds,exact
002415,2020,annual,cash_flow,F013N,支付其他与经营活动有关的现金,4376095604.95,22,rds,exact
002415,2020,annual,cash_flow,F014N,经营活动现金流出小计,56783004292.18,23,rds,exact
002415,2020,annual,cash_flow,F015N,经营活动产生的现金流量净额,16088156566.67,24,rds,exact
002415,2020,annual,cash_flow,F016N,收回投资收到的现金,1693378691.26,25,rds,exact
002415,2020,annual,cash_flow,F017N,取得投资收益收到的现金,150000000.0,26,rds,exact
002415,2020,annual,cash_flow,F020N,收到其他与投资活动有关的现金,46196873.8,29,rds,exact
002415,2020,annual,cash_flow,F021N,投资活动现金流入小计,1904368743.55,30,rds,exact
002415,2020,annual,cash_flow,F022N,购建固定资产、无形资产和其他长期资产支付的现金,2003628270.01,31,rds,exact
002415,2020,annual,cash_flow,F023N,投资支付的现金,2405456262.23,32,rds,exact
002415,2020,annual,cash_flow,F024N,取得子公司及其他营业单位支付的现金净额,48918168.58,34,rds,exact
002415,2020,annual,cash_flow,F025N,支付其他与投资活动有关的现金,1000000.0,35,rds,exact
002415,2020,annual,cash_flow,F026N,投资活动现金流出小计,4459002700.82,36,rds,exact
002415,2020,annual,cash_flow,F027N,投资活动产生的现金流量净额,-2554633957.27,37,rds,exact
002415,2020,annual,cash_flow,F028N,吸收投资收到的现金,173897986.67,38,rds,exact
002415,2020,annual,cash_flow,F029N,取得借款收到的现金,5883973583.25,40,rds,exact
002415,2020,annual,cash_flow,F031N,筹资活动现金流入小计,7057371569.92,43,rds,exact
002415,2020,annual,cash_flow,F032N,偿还债务支付的现金,4834813277.12,44,rds,exact
002415,2020,annual,cash_flow,F033N,分配股利、利润或偿付利息支付的现金,6704954160.69,45,rds,exact
002415,2020,annual,cash_flow,F034N,支付其他与筹资活动有关的现金,77707417.35,47,rds,exact
002415,2020,annual,cash_flow,F035N,筹资活动现金流出小计,11617474855.16,48,rds,exact
002415,2020,annual,cash_flow,F036N,筹资活动产生的现金流量净额,-4560103285.24,49,rds,alias
002415,2020,annual,cash_flow,F039N,五、现金及现金等价物净增加额,8509169869.91,52,rds,exact
002415,2020,annual,cash_flow,F040N,期初现金及现金等价物余额,26515668008.4,53,rds,alias
002415,2020,annual,cash_flow,F041N,期末现金及现金等价物余额,35024837878.31,54,rds,alias
002415,2020,annual,cash_flow,F066N,现金的期末余额,35024837878.31,76,rds,cid_value
002415,2020,annual,cash_flow,F067N,减：现金的期初余额,26515668008.4,77,rds,cid_value
002415,2020,annual,cash_flow,F076N,发行债券收到的现金,999500000.0,41,rds,cid_value
002415,2020,annual,cash_flow,F089N,其中：子公司吸收少数股东投资收到的现金,173897986.67,39,rds,exact
002415,2020,annual,cash_flow,F090N,其中：子公司支付给少数股东的股利、利润,40000000.0,46,rds,exact
002415,2020,annual,income_statement,F006N,其中：营业收入,63503450891.78,1,rds,exact
002415,2020,annual,income_statement,F007N,其中：营业成本,33957697857.73,6,rds,exact
002415,2020,annual,income_statement,F008N,营业税金及附加,416263349.55,14,rds,alias
002415,2020,annual,income_statement,F009N,销售费用,7377790744.58,15,rds,exact
002415,2020,annual,income_statement,F010N,管理费用,1790013088.76,16,rds,exact
002415,2020,annual,income_statement,F012N,财务费用,396254772.56,18,rds,exact
002415,2020,annual,income_statement,F014N,加：公允价值变动净收益,85458209.54,21,rds,fuzzy
002415,2020,annual,income_statement,F015N,投资收益,169277048.95,22,rds,exact
002415,2020,annual,income_statement,F016N,其中：对联营企业和合营企业的投资收益,6361388.74,23,rds,exact
002415,2020,annual,income_statement,F018N,三、营业利润,15196674945.77,30,rds,exact
002415,2020,annual,income_statement,F020N,营业外收入,99273303.5,32,rds,exact
002415,2020,annual,income_statement,F021N,减：营业外支出,22976971.41,34,rds,exact
002415,2020,annual,income_statement,F024N,四、利润总额,15272971277.86,37,rds,exact
002415,2020,annual,income_statement,F025N,减：所得税,1594651805.69,38,rds,alias
002415,2020,annual,income_statement,F027N,五、净利润,13678319472.17,40,rds,exact
002415,2020,annual,income_statement,F028N,归属于母公司所有者的净利润,13385526714.15,43,rds,cid_value
002415,2020,annual,income_statement,F029N,少数股东损益,292792758.02,44,rds,cid_value
002415,2020,annual,income_statement,F035N,一、营业总收入,63503450891.78,0,rds,alias
002415,2020,annual,income_statement,F036N,二、营业总成本,50316671575.6,5,rds,alias
002415,2020,annual,income_statement,F038N,七、其他综合收益,-34145243.17,47,rds,fuzzy
002415,2020,annual,income_statement,F039N,八、综合收益总额,13644174229.0,48,rds,exact
002415,2020,annual,income_statement,F051N,基它收入,2303581705.81,25,rds,alias
002415,2020,annual,income_statement,F056N,研发费用,6378651762.42,19,rds,exact
002415,2020,annual,income_statement,F059N,资产处置收益,628505.02,28,rds,exact
002415,2020,annual,income_statement,F062N,其中：利息费用,202415502.1,51,rds,exact
002415,2020,annual,income_statement,F063N,其中：利息收入,719662082.74,52,rds,exact
002415,2020,annual,income_statement,F065N,资产减值损失（2019格式）,-363109513.99,54,rds,fuzzy
300750,2020,annual,balance_sheet,F006N,货币资金,68424116053.67,0,rds,exact
300750,2020,annual,balance_sheet,F008N,其中：应收票据,9877156349.23,5,rds,exact
300750,2020,annual,balance_sheet,F009N,其中：应收账款,11293523722.88,6,rds,exact
300750,2020,annual,balance_sheet,F010N,预付款项,997118630.25,7,rds,exact
300750,2020,annual,balance_sheet,F011N,其他应收款,3303956813.15,13,rds,exact
300750,2020,annual,balance_sheet,F017N,一年内到期的非流动资产,81548616.67,20,rds,exact
300750,2020,annual,balance_sheet,F018N,其他流动资产,969240539.21,24,rds,exact
300750,2020,annual,balance_sheet,F019N,流动资产合计,112864989321.68,25,rds,exact
300750,2020,annual,balance_sheet,F022N,长期应收款,372156591.66,29,rds,exact
300750,2020,annual,balance_sheet,F023N,长期股权投资,4813072905.14,30,rds,exact
300750,2020,annual,balance_sheet,F025N,固定资产,19621648443.02,32,rds,exact
300750,2020,annual,balance_sheet,F026N,在建工程,5750351820.37,33,rds,exact
300750,2020,annual,balance_sheet,F031N,无形资产,2517935725.46,38,rds,exact
300750,2020,annual,balance_sheet,F034N,长期待摊费用,363551716.95,41,rds,exact
300750,2020,annual,balance_sheet,F035N,递延所得税资产,3167109948.33,42,rds,exact
300750,2020,annual,balance_sheet,F036N,其他非流动资产,5002631587.8,47,rds,exact
300750,2020,annual,balance_sheet,F037N,非流动资产合计,43753437618.91,48,rds,exact
300750,2020,annual,balance_sheet,F038N,资产总计,156618426940.59,49,rds,exact
300750,2020,annual,balance_sheet,F039N,短期借款,6335080182.17,50,rds,exact
300750,2020,annual,balance_sheet,F041N,其中：应付票据,15636589526.9,57,rds,exact
300750,2020,annual,balance_sheet,F042N,其中：应付账款,15634844308.52,58,rds,exact
300750,2020,annual,balance_sheet,F044N,应付职工薪酬,2657564914.42,-1,rds,exact
300750,2020,annual,balance_sheet,F045N,应交税费,1321059090.43,-1,rds,exact
300750,2020,annual,balance_sheet,F047N,其中：应付股利,6172824.12,-1,rds,exact
300750,2020,annual,balance_sheet,F048N,其他应付款,4407776289.55,-1,rds,exact
300750,2020,annual,balance_sheet,F050N,一年内到期的非流动负债,1349038696.49,66,rds,exact
300750,2020,annual,balance_sheet,F051N,其他流动负债,760008999.58,72,rds,exact
300750,2020,annual,balance_sheet,F052N,流动负债合计,54977189803.22,73,rds,exact
300750,2020,annual,balance_sheet,F053N,长期借款,6068163254.2,74,rds,exact
300750,2020,annual,balance_sheet,F054N,应付债券,14382255950.87,75,rds,exact
300750,2020,annual,balance_sheet,F055N,长期应付款,1193938630.3,78,rds,exact
300750,2020,annual,balance_sheet,F080N,衍生金融资产,1330347108.86,4,rds,exact
300750,2020,annual,balance_sheet,F111N,其他权益工具投资,1997026992.95,45,rds,exact
300750,2020,annual,balance_sheet,F115N,合同负债,6875227795.16,71,rds,exact
300750,2020,annual,balance_sheet,F117N,交易性金融资产,3288071512.61,21,rds,exact
300750,2020,annual,balance_sheet,F119N,合同资产,75269024.76,23,rds,exact
300750,2020,annual,cash_flow,F006N,销售商品、提供劳务收到的现金,54002988575.54,0,rds,exact
300750,2020,annual,cash_flow,F007N,收到的税费返还,151928522.94,11,rds,exact
300750,2020,annual,cash_flow,F008N,收到其他与经营活动有关的现金,6397335867.06,12,rds,exact
300750,2020,annual,cash_flow,F009N,经营活动现金流入小计,60552252965.54,13,rds,exact
300750,2020,annual,cash_flow,F010N,购买商品、接受劳务支付的现金,33461951736.87,14,rds,exact
300750,2020,annual,cash_flow,F012N,支付的各项税费,2265587429.63,21,rds,exact
300750,2020,annual,cash_flow,F013N,支付其他与经营活动有关的现金,2366963038.37,22,rds,exact
300750,2020,annual,cash_flow,F014N,经营活动现金流出小计,42122350333.58,23,rds,exact
300750,2020,annual,cash_flow,F015N,经营活动产生的现金流量净额,18429902631.96,24,rds,exact
300750,2020,annual,cash_flow,F016N,收回投资收到的现金,44779761.91,25,rds,exact
300750,2020,annual,cash_flow,F017N,取得投资收益收到的现金,24087086.33,26,rds,exact
300750,2020,annual,cash_flow,F020N,收到其他与投资活动有关的现金,2735874410.58,29,rds,exact
300750,2020,annual,cash_flow,F021N,投资活动现金流入小计,2804765907.9,30,rds,exact
300750,2020,annual,cash_flow,F022N,购建固定资产、无形资产和其他长期资产支付的现金,13302355759.04,31,rds,cid_value
300750,2020,annual,cash_flow,F023N,投资支付的现金,4088418479.98,32,rds,exact
300750,2020,annual,cash_flow,F025N,支付其他与投资活动有关的现金,466447835.43,35,rds,exact
300750,2020,annual,cash_flow,F026N,投资活动现金流出小计,17857222074.45,36,rds,exact
300750,2020,annual,cash_flow,F028N,吸收投资收到的现金,20536360992.16,38,rds,exact
300750,2020,annual,cash_flow,F029N,取得借款收到的现金,9450920678.78,40,rds,exact
300750,2020,annual,cash_flow,F030N,收到其他与筹资活动有关的现金,13199266407.5,42,rds,exact
300750,2020,annual,cash_flow,F031N,筹资活动现金流入小计,43186548078.44,43,rds,exact
300750,2020,annual,cash_flow,F032N,偿还债务支付的现金,4743701233.75,44,rds,exact
300750,2020,annual,cash_flow,F034N,支付其他与筹资活动有关的现金,112602486.19,47,rds,exact
300750,2020,annual,cash_flow,F035N,筹资活动现金流出小计,5755113539.06,48,rds,exact
300750,2020,annual,cash_flow,F036N,筹资活动产生的现金流量净额,37431434539.38,49,rds,exact
300750,2020,annual,cash_flow,F039N,五、现金及现金等价物净增加额,40231930342.88,52,rds,exact
300750,2020,annual,cash_flow,F040N,期初现金及现金等价物余额,23200055644.02,53,rds,exact
300750,2020,annual,cash_flow,F041N,期末现金及现金等价物余额,63431985986.9,54,rds,exact
300750,2020,annual,income_statement,F006N,其中：营业收入,50319487697.2,1,rds,exact
300750,2020,annual,income_statement,F007N,其中：营业成本,36349153592.22,6,rds,exact
300750,2020,annual,income_statement,F008N,营业税金及附加,295129893.6,14,rds,alias
300750,2020,annual,income_statement,F009N,销售费用,2216709532.73,15,rds,exact
300750,2020,annual,income_statement,F010N,管理费用,1768115240.89,16,rds,exact
300750,2020,annual,income_statement,F012N,财务费用,-712642421.45,18,rds,exact
300750,2020,annual,income_statement,F020N,营业外收入,94318062.61,32,rds,exact
300750,2020,annual,income_statement,F021N,减：营业外支出,71254204.8,34,rds,exact
300750,2020,annual,income_statement,F024N,四、利润总额,6982553409.24,37,rds,cid_value
300750,2020,annual,income_statement,F025N,减：所得税,878635356.78,38,rds,alias
300750,2020,annual,income_statement,F027N,五、净利润,6103918052.46,40,rds,cid_value
300750,2020,annual,income_statement,F028N,归属于母公司所有者的净利润,5583338710.38,43,rds,alias
300750,2020,annual,income_statement,F029N,少数股东损益,520579342.08,44,rds,exact
300750,2020,annual,income_statement,F035N,一、营业总收入,50319487697.2,0,rds,exact
300750,2020,annual,income_statement,F036N,二、营业总成本,43485843532.02,5,rds,exact
300750,2020,annual,income_statement,F038N,七、其他综合收益,505828698.82,47,rds,fuzzy
300750,2020,annual,income_statement,F040N,其中：归属于母公司,6089512016.47,49,rds,fuzzy
300750,2020,annual,income_statement,F051N,基它收入,1135940385.95,25,rds,alias
300750,2020,annual,income_statement,F056N,研发费用,3569377694.03,19,rds,exact
300750,2020,annual,income_statement,F062N,其中：利息费用,640434316.54,51,rds,exact
300750,2020,annual,income_statement,F063N,其中：利息收入,1494600958.67,52,rds,exact
600519,2020,annual,balance_sheet,F006N,货币资金,36091090060.9,0,rds,exact
600519,2020,annual,balance_sheet,F008N,其中：应收票据,1532728979.67,5,rds,exact
600519,2020,annual,balance_sheet,F010N,预付款项,898436259.15,7,rds,exact
600519,2020,annual,balance_sheet,F011N,其他应收款,34488582.19,13,rds,exact
600519,2020,annual,balance_sheet,F015N,存货,28869087678.06,16,rds,exact
600519,2020,annual,balance_sheet,F018N,其他流动资产,26736855.91,24,rds,exact
600519,2020,annual,balance_sheet,F019N,流动资产合计,185652154956.94,25,rds,exact
600519,2020,annual,balance_sheet,F025N,固定资产,16225082847.29,32,rds,exact
600519,2020,annual,balance_sheet,F026N,在建工程,2447444843.03,33,rds,exact
600519,2020,annual,balance_sheet,F031N,无形资产,4817170981.91,38,rds,exact
600519,2020,annual,balance_sheet,F034N,长期待摊费用,147721526.43,41,rds,exact
600519,2020,annual,balance_sheet,F035N,递延所得税资产,1123225086.37,42,rds,exact
600519,2020,annual,balance_sheet,F037N,非流动资产合计,27743655570.52,48,rds,exact
600519,2020,annual,balance_sheet,F038N,资产总计,213395810527.46,49,rds,exact
600519,2020,annual,balance_sheet,F042N,其中：应付账款,1342267668.12,58,rds,exact
600519,2020,annual,balance_sheet,F044N,应付职工薪酬,2981125503.86,-1,rds,exact
600519,2020,annual,balance_sheet,F045N,应交税费,8919821015.58,-1,rds,exact
600519,2020,annual,balance_sheet,F048N,其他应付款,3257245259.42,-1,rds,exact
600519,2020,annual,balance_sheet,F051N,其他流动负债,1609801368.51,72,rds,exact
600519,2020,annual,balance_sheet,F052N,流动负债合计,45673669912.95,73,rds,exact
600519,2020,annual,balance_sheet,F058N,递延所得税负债,1457513.23,83,rds,exact
600519,2020,annual,balance_sheet,F060N,非流动负债合计,1457513.23,85,rds,exact
600519,2020,annual,balance_sheet,F061N,负债合计,45675127426.18,86,rds,exact
600519,2020,annual,balance_sheet,F062N,实收资本（或股本）,1256197800.0,87,rds,exact
600519,2020,annual,balance_sheet,F067N,少数股东权益,6397948013.72,100,rds,exact
600519,2020,annual,balance_sheet,F070N,所有者权益（或股东权益）合计,167720683101.28,102,rds,fuzzy
600519,2020,annual,balance_sheet,F071N,负债和所有者（或股东权益）合计,213395810527.46,103,rds,fuzzy
600519,2020,annual,balance_sheet,F073N,归属于母公司所有者权益,161322735087.56,99,rds,fuzzy
600519,2020,annual,balance_sheet,F074N,其他综合收益,-5331367.75,93,rds,exact
600519,2020,annual,balance_sheet,F076N,一般风险准备,927577822.67,96,rds,exact
600519,2020,annual,balance_sheet,F078N,拆出资金,118199586541.06,2,rds,exact
600519,2020,annual,balance_sheet,F086N,发放贷款及垫款-非流动资产,2953036834.8,26,rds,cid_value
600519,2020,annual,balance_sheet,F088N,吸收存款及同业存放,14241859949.77,52,rds,exact
600519,2020,annual,balance_sheet,F112N,其他非流动金融资产,9830052.91,46,rds,exact
600519,2020,annual,balance_sheet,F115N,合同负债,13321549147.69,71,rds,exact
600519,2020,annual,balance_sheet,F116N,债权投资,20143397.78,43,rds,exact
600519,2020,annual,cash_flow,F006N,销售商品、提供劳务收到的现金,107024384560.17,0,rds,exact
600519,2020,annual,cash_flow,F008N,收到其他与经营活动有关的现金,221421226.63,12,rds,exact
600519,2020,annual,cash_flow,F009N,经营活动现金流入小计,113510851370.01,13,rds,exact
600519,2020,annual,cash_flow,F010N,购买商品、接受劳务支付的现金,7230646129.19,14,rds,exact
600519,2020,annual,cash_flow,F011N,支付给职工以及为职工支付的现金,8161813197.26,20,rds,fuzzy
600519,2020,annual,cash_flow,F012N,支付的各项税费,41622706350.37,21,rds,exact
600519,2020,annual,cash_flow,F013N,支付其他与经营活动有关的现金,4247026186.46,22,rds,exact
600519,2020,annual,cash_flow,F014N,经营活动现金流出小计,61841782676.98,23,rds,exact
600519,2020,annual,cash_flow,F015N,经营活动产生的现金流量净额,51669068693.03,24,rds,exact
600519,2020,annual,cash_flow,F016N,收回投资收到的现金,314906521.48,25,rds,exact
600519,2020,annual,cash_flow,F018N,处置固定资产、无形资产和其他长期资产收回的现金净额,495904.85,27,rds,fuzzy
600519,2020,annual,cash_flow,F020N,收到其他与投资活动有关的现金,6675319.03,29,rds,exact
600519,2020,annual,cash_flow,F021N,投资活动现金流入小计,322077745.36,30,rds,exact
600519,2020,annual,cash_flow,F022N,购建固定资产、无形资产和其他长期资产支付的现金,2089769498.78,31,rds,fuzzy
600519,2020,annual,cash_flow,F023N,投资支付的现金,20000000.0,32,rds,exact
600519,2020,annual,cash_flow,F025N,支付其他与投资活动有关的现金,17535402.3,35,rds,exact
600519,2020,annual,cash_flow,F026N,投资活动现金流出小计,2127304901.08,36,rds,exact
600519,2020,annual,cash_flow,F027N,投资活动产生的现金流量净额,-1805227155.72,37,rds,exact
600519,2020,annual,cash_flow,F033N,分配股利、利润或偿付利息支付的现金,24091029750.51,45,rds,fuzzy
600519,2020,annual,cash_flow,F034N,支付其他与筹资活动有关的现金,36507157.75,47,rds,exact
600519,2020,annual,cash_flow,F035N,筹资活动现金流出小计,24127536908.26,48,rds,exact
600519,2020,annual,cash_flow,F036N,筹资活动产生的现金流量净额,-24127536908.26,49,rds,exact
600519,2020,annual,cash_flow,F037N,四、汇率变动对现金的影响,380639.36,50,rds,cid_value
600519,2020,annual,cash_flow,F039N,五、现金及现金等价物净增加额,25736685268.41,52,rds,exact
600519,2020,annual,cash_flow,F040N,期初现金及现金等价物余额,121003839599.64,53,rds,exact
600519,2020,annual,cash_flow,F041N,期末现金及现金等价物余额,146740524868.05,54,rds,exact
600519,2020,annual,cash_flow,F044N,净利润,49523329882.4,55,rds,exact
600519,2020,annual,cash_flow,F046N,固定资产折旧、油气资产折耗、生产性生物资产折旧,1195956468.6,57,rds,fuzzy
600519,2020,annual,cash_flow,F047N,无形资产摊销,110349099.0,59,rds,exact
600519,2020,annual,cash_flow,F048N,长期待摊费用摊销,10562811.76,60,rds,exact
600519,2020,annual,cash_flow,F050N,固定资产报废损失,100113.92,62,rds,fuzzy
600519,2020,annual,cash_flow,F051N,公允价值变动损失,-4897994.43,63,rds,fuzzy
600519,2020,annual,cash_flow,F053N,投资损失,-305631.46,65,rds,cid_value
600519,2020,annual,cash_flow,F054N,递延所得税资产减少,-23278138.8,66,rds,fuzzy
600519,2020,annual,cash_flow,F055N,递延所得税负债增加,-71235087.78,67,rds,fuzzy
600519,2020,annual,cash_flow,F056N,存货的减少,-3584166871.73,68,rds,cid_value
600519,2020,annual,cash_flow,F057N,经营性应收项目的减少,-504008375.44,69,rds,fuzzy
600519,2020,annual,cash_flow,F058N,经营性应付项目的增加,4945290607.14,70,rds,fuzzy
600519,2020,annual,cash_flow,F066N,现金的期末余额,146740524868.05,76,rds,exact
600519,2020,annual,cash_flow,F067N,减：现金的期初余额,121003839599.64,77,rds,exact
600519,2020,annual,cash_flow,F072N,客户存款和同业存放款项净增加额,3189100199.87,1,rds,exact
600519,2020,annual,cash_flow,F081N,收取利息、手续费及佣金的现金,3075945383.34,8,rds,exact
600519,2020,annual,cash_flow,F084N,客户贷款及垫款净增加额,2978755728.0,15,rds,exact
600519,2020,annual,cash_flow,F085N,存放中央银行和同业款项净增加额,-2506406682.56,16,rds,exact
600519,2020,annual,cash_flow,F087N,支付利息、手续费及佣金的现金,107241768.26,18,rds,exact
600519,2020,annual,cash_flow,F090N,其中：子公司支付给少数股东的股利、利润,2704262179.11,46,rds,fuzzy
600519,2020,annual,cash_flow,F096N,信用减值损失,71371809.85,82,rds,exact
600519,2020,annual,income_statement,F006N,其中：营业收入,94915380916.72,1,rds,exact
600519,2020,annual,income_statement,F007N,其中：营业成本,8154001476.28,6,rds,exact
600519,2020,annual,income_statement,F008N,营业税金及附加,13886517290.78,14,rds,alias
600519,2020,annual,income_statement,F009N,销售费用,2547745650.95,15,rds,exact
600519,2020,annual,income_statement,F010N,管理费用,6789844289.39,16,rds,exact
600519,2020,annual,income_statement,F012N,财务费用,-234610582.44,18,rds,exact
600519,2020,annual,income_statement,F014N,加：公允价值变动净收益,4897994.43,21,rds,fuzzy
600519,2020,annual,income_statement,F015N,投资收益,305631.46,22,rds,exact
600519,2020,annual,income_statement,F018N,三、营业利润,66635079882.38,30,rds,exact
600519,2020,annual,income_statement,F020N,营业外收入,11051136.15,32,rds,exact
600519,2020,annual,income_statement,F021N,减：营业外支出,449189027.42,34,rds,exact
600519,2020,annual,income_statement,F024N,四、利润总额,66196941991.11,37,rds,exact
600519,2020,annual,income_statement,F025N,减：所得税,16673612108.71,38,rds,alias
600519,2020,annual,income_statement,F027N,五、净利润,49523329882.4,40,rds,exact
600519,2020,annual,income_statement,F028N,归属于母公司所有者的净利润,46697285429.81,43,rds,alias
600519,2020,annual,income_statement,F029N,少数股东损益,2826044452.59,44,rds,exact
600519,2020,annual,income_statement,F033N,利息收入,3077859584.49,2,rds,exact
600519,2020,annual,income_statement,F035N,一、营业总收入,97993240501.21,0,rds,exact
600519,2020,annual,income_statement,F036N,二、营业总成本,31305130587.56,5,rds,exact
600519,2020,annual,income_statement,F038N,七、其他综合收益,1867354.04,47,rds,fuzzy
600519,2020,annual,income_statement,F039N,八、综合收益总额,49525197236.44,48,rds,cid_value
600519,2020,annual,income_statement,F040N,其中：归属于母公司,46699152783.85,49,rds,fuzzy
600519,2020,annual,income_statement,F043N,利息支出,111128537.31,7,rds,exact
600519,2020,annual,income_statement,F044N,手续费及佣金支出,105888.96,8,rds,exact
600519,2020,annual,income_statement,F051N,基它收入,13138152.69,25,rds,alias
600519,2020,annual,income_statement,F056N,研发费用,50398036.33,19,rds,exact
600519,2020,annual,income_statement,F060N,持续经营净利润,49523329882.4,41,rds,exact
600519,2020,annual,income_statement,F063N,其中：利息收入,278697733.32,52,rds,exact
600519,2020,annual,income_statement,F064N,信用减值损失（2019格式）,-71371809.85,53,rds,fuzzy
600887,2020,annual,balance_sheet,F006N,货币资金,11695184002.06,0,rds,exact
600887,2020,annual,balance_sheet,F008N,其中：应收票据,142875000.0,5,rds,exact
600887,2020,annual,balance_sheet,F009N,其中：应收账款,1616344944.47,6,rds,exact
600887,2020,annual,balance_sheet,F010N,预付款项,1289734014.62,7,rds,exact
600887,2020,annual,balance_sheet,F011N,其他应收款,115485839.79,13,rds,exact
600887,2020,annual,balance_sheet,F017N,一年内到期的非流动资产,1562208973.1,20,rds,exact
600887,2020,annual,balance_sheet,F018N,其他流动资产,4027672495.2,24,rds,exact
600887,2020,annual,balance_sheet,F019N,流动资产合计,28380579199.53,25,rds,exact
600887,2020,annual,balance_sheet,F023N,长期股权投资,2902817588.63,30,rds,exact
600887,2020,annual,balance_sheet,F024N,投资性房地产,520452139.63,31,rds,exact
600887,2020,annual,balance_sheet,F025N,固定资产,23343414532.36,32,rds,exact
600887,2020,annual,balance_sheet,F026N,在建工程,5424737763.17,33,rds,exact
600887,2020,annual,balance_sheet,F031N,无形资产,1535784940.81,38,rds,exact
600887,2020,annual,balance_sheet,F034N,长期待摊费用,544681837.83,41,rds,exact
600887,2020,annual,balance_sheet,F035N,递延所得税资产,1294391960.78,42,rds,exact
600887,2020,annual,balance_sheet,F036N,其他非流动资产,2951539869.61,47,rds,exact
600887,2020,annual,balance_sheet,F037N,非流动资产合计,42773685185.76,48,rds,exact
600887,2020,annual,balance_sheet,F038N,资产总计,71154264385.29,49,rds,exact
600887,2020,annual,balance_sheet,F039N,短期借款,6956730747.94,50,rds,exact
600887,2020,annual,balance_sheet,F041N,其中：应付票据,259169731.32,57,rds,exact
600887,2020,annual,balance_sheet,F042N,其中：应付账款,11376467548.71,58,rds,exact
600887,2020,annual,balance_sheet,F044N,应付职工薪酬,2713151780.53,-1,rds,exact
600887,2020,annual,balance_sheet,F045N,应交税费,632357171.13,-1,rds,exact
600887,2020,annual,balance_sheet,F047N,其中：应付股利,142936751.53,-1,rds,exact
600887,2020,annual,balance_sheet,F048N,其他应付款,3136838820.52,-1,rds,exact
600887,2020,annual,balance_sheet,F050N,一年内到期的非流动负债,823236000.96,66,rds,exact
600887,2020,annual,balance_sheet,F051N,其他流动负债,2782114981.27,72,rds,exact
600887,2020,annual,balance_sheet,F052N,流动负债合计,34768184838.26,73,rds,exact
600887,2020,annual,balance_sheet,F053N,长期借款,1375031694.72,74,rds,exact
600887,2020,annual,balance_sheet,F054N,应付债券,3762450000.0,75,rds,exact
600887,2020,annual,balance_sheet,F055N,长期应付款,71256347.6,78,rds,exact
600887,2020,annual,balance_sheet,F058N,递延所得税负债,465577539.52,83,rds,exact
600887,2020,annual,balance_sheet,F060N,非流动负债合计,5853435623.53,85,rds,exact
600887,2020,annual,balance_sheet,F061N,负债合计,40621620461.79,86,rds,exact
600887,2020,annual,balance_sheet,F062N,实收资本（或股本）,6082624833.0,87,rds,exact
600887,2020,annual,balance_sheet,F066N,减：库存股,1772017120.0,92,rds,exact
600887,2020,annual,balance_sheet,F067N,少数股东权益,148733666.04,100,rds,exact
600887,2020,annual,balance_sheet,F070N,所有者权益（或股东权益）合计,30532643923.5,102,rds,exact
600887,2020,annual,balance_sheet,F071N,负债和所有者（或股东权益）合计,71154264385.29,103,rds,fuzzy
600887,2020,annual,balance_sheet,F073N,归属于母公司所有者权益,30383910257.46,99,rds,fuzzy
600887,2020,annual,balance_sheet,F074N,其他综合收益,1114962891.74,93,rds,exact
600887,2020,annual,balance_sheet,F075N,递延收益-非流动负债,179120041.69,82,rds,alias
600887,2020,annual,balance_sheet,F080N,衍生金融资产,262828575.48,4,rds,exact
600887,2020,annual,balance_sheet,F090N,衍生金融负债,32220146.6,54,rds,exact
600887,2020,annual,balance_sheet,F111N,其他权益工具投资,3629622775.68,45,rds,exact
600887,2020,annual,balance_sheet,F112N,其他非流动金融资产,264690792.52,46,rds,exact
600887,2020,annual,balance_sheet,F115N,合同负债,6055897909.28,71,rds,exact
600887,2020,annual,balance_sheet,F117N,交易性金融资产,123219805.15,21,rds,exact
600887,2020,annual,cash_flow,F006N,销售商品、提供劳务收到的现金,106024002676.65,0,rds,exact
600887,2020,annual,cash_flow,F008N,收到其他与经营活动有关的现金,2015204006.59,12,rds,exact
600887,2020,annual,cash_flow,F009N,经营活动现金流入小计,108094325090.63,13,rds,exact
600887,2020,annual,cash_flow,F010N,购买商品、接受劳务支付的现金,83537495382.83,14,rds,exact
600887,2020,annual,cash_flow,F011N,支付给职工以及为职工支付的现金,9340320414.79,20,rds,fuzzy
600887,2020,annual,cash_flow,F012N,支付的各项税费,4039541155.37,21,rds,exact
600887,2020,annual,cash_flow,F013N,支付其他与经营活动有关的现金,1325328973.09,22,rds,exact
600887,2020,annual,cash_flow,F014N,经营活动现金流出小计,98242685926.08,23,rds,exact
600887,2020,annual,cash_flow,F015N,经营活动产生的现金流量净额,9851639164.55,24,rds,exact
600887,2020,annual,cash_flow,F016N,收回投资收到的现金,614628653.08,25,rds,exact
600887,2020,annual,cash_flow,F017N,取得投资收益收到的现金,824082432.9,26,rds,exact
600887,2020,annual,cash_flow,F018N,处置固定资产、无形资产和其他长期资产收回的现金净额,21964778.38,27,rds,fuzzy
600887,2020,annual,cash_flow,F019N,处置子公司及其他营业单位收到的现金净额,2191396.32,28,rds,exact
600887,2020,annual,cash_flow,F021N,投资活动现金流入小计,1462867260.68,30,rds,exact
600887,2020,annual,cash_flow,F022N,购建固定资产、无形资产和其他长期资产支付的现金,6522197148.12,31,rds,fuzzy
600887,2020,annual,cash_flow,F023N,投资支付的现金,3961029402.45,32,rds,exact
600887,2020,annual,cash_flow,F025N,支付其他与投资活动有关的现金,22732264.52,35,rds,exact
600887,2020,annual,cash_flow,F026N,投资活动现金流出小计,10505958815.09,36,rds,exact
600887,2020,annual,cash_flow,F027N,投资活动产生的现金流量净额,-9043091554.41,37,rds,exact
600887,2020,annual,cash_flow,F028N,吸收投资收到的现金,247501528.32,38,rds,exact
600887,2020,annual,cash_flow,F029N,取得借款收到的现金,74557306113.81,40,rds,exact
600887,2020,annual,cash_flow,F031N,筹资活动现金流入小计,74804807642.13,43,rds,exact
600887,2020,annual,cash_flow,F032N,偿还债务支付的现金,69435631526.14,44,rds,exact
600887,2020,annual,cash_flow,F033N,分配股利、利润或偿付利息支付的现金,5309737280.33,45,rds,exact
600887,2020,annual,cash_flow,F034N,支付其他与筹资活动有关的现金,106000845.19,47,rds,exact
600887,2020,annual,cash_flow,F035N,筹资活动现金流出小计,74851369651.66,48,rds,exact
600887,2020,annual,cash_flow,F036N,筹资活动产生的现金流量净额,-46562009.53,49,rds,exact
600887,2020,annual,cash_flow,F037N,四、汇率变动对现金的影响,-395132646.31,50,rds,cid_value
600887,2020,annual,cash_flow,F039N,五、现金及现金等价物净增加额,366852954.3,52,rds,exact
600887,2020,annual,cash_flow,F040N,期初现金及现金等价物余额,11066714362.59,53,rds,exact
600887,2020,annual,cash_flow,F041N,期末现金及现金等价物余额,11433567316.89,54,rds,exact
600887,2020,annual,cash_flow,F081N,收取利息、手续费及佣金的现金,55118407.39,8,rds,exact
600887,2020,annual,cash_flow,F089N,其中：子公司吸收少数股东投资收到的现金,443353.32,39,rds,exact
600887,2020,annual,cash_flow,F090N,其中：子公司支付给少数股东的股利、利润,13730651.84,46,rds,exact
600887,2020,annual,income_statement,F006N,其中：营业收入,96523963249.92,1,rds,exact
600887,2020,annual,income_statement,F007N,其中：营业成本,61805562467.86,6,rds,exact
600887,2020,annual,income_statement,F008N,营业税金及附加,546502424.71,14,rds,alias
600887,2020,annual,income_statement,F009N,销售费用,21537599094.86,15,rds,exact
600887,2020,annual,income_statement,F010N,管理费用,4876242983.7,16,rds,exact
600887,2020,annual,income_statement,F012N,财务费用,188090069.95,18,rds,exact
600887,2020,annual,income_statement,F014N,加：公允价值变动净收益,171088869.5,21,rds,cid_value
600887,2020,annual,income_statement,F015N,投资收益,599730018.58,22,rds,cid_value
600887,2020,annual,income_statement,F016N,其中：对联营企业和合营企业的投资收益,342266019.77,23,rds,exact
600887,2020,annual,income_statement,F018N,三、营业利润,8558231600.62,30,rds,cid_value
600887,2020,annual,income_statement,F020N,营业外收入,48521943.53,32,rds,exact
600887,2020,annual,income_statement,F021N,减：营业外支出,456904245.59,34,rds,exact
600887,2020,annual,income_statement,F024N,四、利润总额,8149849298.56,37,rds,cid_value
600887,2020,annual,income_statement,F025N,减：所得税,1050910603.15,38,rds,alias
600887,2020,annual,income_statement,F028N,归属于母公司所有者的净利润,7078176787.81,43,rds,cid_value
600887,2020,annual,income_statement,F029N,少数股东损益,20761907.6,44,rds,cid_value
600887,2020,annual,income_statement,F033N,利息收入,361678702.02,2,rds,alias
600887,2020,annual,income_statement,F035N,一、营业总收入,96885641951.94,0,rds,exact
600887,2020,annual,income_statement,F036N,二、营业总成本,89441096890.49,5,rds,exact
600887,2020,annual,income_statement,F038N,七、其他综合收益,130241336.69,47,rds,fuzzy
600887,2020,annual,income_statement,F039N,八、综合收益总额,7229180032.1,48,rds,exact
600887,2020,annual,income_statement,F040N,其中：归属于母公司,7208997028.21,49,rds,fuzzy
600887,2020,annual,income_statement,F041N,其中：归属于少数股东,20183003.89,50,rds,fuzzy
600887,2020,annual,income_statement,F051N,基它收入,676326283.34,25,rds,alias
600887,2020,annual,income_statement,F056N,研发费用,487099849.41,19,rds,exact
600887,2020,annual,income_statement,F059N,资产处置收益,-6008330.64,28,rds,fuzzy
600887,2020,annual,income_statement,F062N,其中：利息费用,494317329.82,51,rds,exact
600887,2020,annual,income_statement,F063N,其中：利息收入,551802931.59,52,rds,exact
600887,2020,annual,income_statement,F064N,信用减值损失（2019格式）,11862110.01,53,rds,cid_value
600887,2020,annual,income_statement,F065N,资产减值损失（2019格式）,-339312411.62,54,rds,cid_value
